<?xml version="1.0" encoding="UTF-8" standalone="yes"?>
<server>
    <featureManager>
        <feature>jsp-2.3</feature>
        <feature>jdbc-4.1</feature>
    </featureManager>
    <authData id="RHEL73CellManager01/db2alias" user="db2inst1" password="???"/>
    <jdbcDriver id="OTiSDataSource" javax.sql.DataSource="org.apache.derby.jdbc.EmbeddedConnectionPoolDataSource">
        <library>
            <file name="${WAS_INSTALL_ROOT}/derby/lib/derby.jar"/>
        </library>
    </jdbcDriver>
    <dataSource id="OTiSDataSource" jndiName="OTiSDataSource" jdbcDriverRef="OTiSDataSource">
        <properties.derby.embedded databaseName="${USER_INSTALL_ROOT}/OTiS" description="Data source template" name="OTiSDataSource"/>
        <connectionManager agedTimeout="0" connectionTimeout="180" maxIdleTime="1800" maxPoolSize="10" minPoolSize="1" reapTime="180"/>
    </dataSource>
    <jdbcDriver id="DB2_Universal_JDBC_Driver_Provider_(XA)" javax.sql.DataSource="com.ibm.db2.jcc.DB2XADataSource">
        <library>
            <file name="${DB2UNIVERSAL_JDBC_DRIVER_PATH}/db2jcc.jar"/>
            <file name="${UNIVERSAL_JDBC_DRIVER_PATH}/db2jcc_license_cu.jar"/>
            <file name="${DB2UNIVERSAL_JDBC_DRIVER_PATH}/db2jcc_license_cisuz.jar"/>
        </library>
    </jdbcDriver>
    <dataSource id="DB2 Universal JDBC Driver XA DataSource" jndiName="jdbc/PlantsByWebSphereDataSource" jdbcDriverRef="DB2_Universal_JDBC_Driver_Provider_(XA)" containerAuthDataRef="RHEL73CellManager01/db2alias">
        <properties.db2.jcc databaseName="pbw" serverName="localhost" portNumber="50000" retrieveMessagesFromServerOnGetMessage="false" traceLevel="-1" useTransactionRedirect="false" unbindClientRerouteListFromJndi="false" nonTransactionalDataSource="false" beginTranForVendorAPIs="false" preTestSQLString="SELECT CURRENT SQLID FROM SYSIBM.SYSDUMMY1" name="DB2 Universal JDBC Driver XA DataSource" errorDetectionModel="ExceptionMapping" beginTranForResultSetScrollingAPIs="false" enableClientInformation="false" propagateClientIdentityUsingTrustedContext="false" validateNewConnection="false" reauthentication="false" validateNewConnectionRetryCount="100" connectionSharing="1" enableMultithreadedAccessDetection="false" validateNewConnectionRetryInterval="3"/>
        <connectionManager agedTimeout="0" connectionTimeout="180" maxIdleTime="1800" maxPoolSize="10" minPoolSize="1" reapTime="180"/>
    </dataSource>
    <jdbcDriver id="DB2_Universal_JDBC_Driver_Provider" javax.sql.DataSource="com.ibm.db2.jcc.DB2ConnectionPoolDataSource">
        <library>
            <file name="${DB2UNIVERSAL_JDBC_DRIVER_PATH}/db2jcc.jar"/>
            <file name="${UNIVERSAL_JDBC_DRIVER_PATH}/db2jcc_license_cu.jar"/>
            <file name="${DB2UNIVERSAL_JDBC_DRIVER_PATH}/db2jcc_license_cisuz.jar"/>
        </library>
    </jdbcDriver>
    <dataSource id="DB2 Universal JDBC Driver DataSource" jndiName="jdbc/PlantsByWebSphereDataSourceNONJTA" jdbcDriverRef="DB2_Universal_JDBC_Driver_Provider" containerAuthDataRef="RHEL73CellManager01/db2alias">
        <properties.db2.jcc databaseName="pbw" serverName="localhost" portNumber="50000" retrieveMessagesFromServerOnGetMessage="true" traceLevel="-1" useTransactionRedirect="false" unbindClientRerouteListFromJndi="false" nonTransactionalDataSource="false" beginTranForVendorAPIs="false" preTestSQLString="SELECT CURRENT SQLID FROM SYSIBM.SYSDUMMY1" jmsOnePhaseOptimization="false" name="DB2 Universal JDBC Driver DataSource" errorDetectionModel="ExceptionMapping" beginTranForResultSetScrollingAPIs="false" enableClientInformation="false" propagateClientIdentityUsingTrustedContext="false" validateNewConnection="false" reauthentication="false" validateNewConnectionRetryCount="100" connectionSharing="1" enableMultithreadedAccessDetection="false" validateNewConnectionRetryInterval="3"/>
        <connectionManager agedTimeout="0" connectionTimeout="180" maxIdleTime="1800" maxPoolSize="10" minPoolSize="1" reapTime="180"/>
    </dataSource>
    <variable name="DB2UNIVERSAL_JDBC_DRIVER_PATH" value=""/>
    <variable name="DERBY_JDBC_DRIVER_PATH" value="${WAS_INSTALL_ROOT}/derby/lib"/>
    <variable name="UNIVERSAL_JDBC_DRIVER_PATH" value="${WAS_INSTALL_ROOT}/universalDriver/lib"/>
    <variable name="DB2UNIVERSAL_JDBC_DRIVER_NATIVEPATH" value=""/>
    <variable name="WAS_INSTALL_ROOT" value="!{WAS_INSTALL_ROOT}"/>
</server>
