{"productInf":[{"name":"IBM WebSphere Application Server Network Deployment","id":"ND","version":"8.5.5.13","buildDate":"1/12/18","buildLevel":"cf131801.05"}],"profiles":[{"name":"Dmgr01","profilePath":"/opt/IBM/WebSphere/AppServer/profiles/Dmgr01","cellName":"RHEL73Cell01","dmgrName":null,"nodes":null,"servers":[{"name":"proxy_server","displayName":"","serverType":"PROXY_SERVER"}],"clusterNames":null,"applications":["/opt/IBM/WebSphere/AppServer/profiles/Dmgr01/config/cells/RHEL73Cell01/applications/PlantsByWebSphereV8.ear/PlantsByWebSphereV8.ear"],"appToClusterMapping":null,"isStandalone":false,"webSphereVersion":"was855","javaVersion":"ibm5","appsFound":true}]}