{
   "report": "analysis",
   "version": "1.2",
   "productVersion": "9.0",
   "productRelease": "18.0.0.2",
   "options": [
      "--sourceAppServer=was855",
      "--sourceJava=ibm5",
      "--targetAppServer=liberty",
      "--targetJava=ibm8",
      "--targetJavaEE=ee6",
      "--targetCloud=dockerIBMCloud",
      "--excludePackages=com.ibm,com.informix,com.microsoft,com.sybase,com.sun,java,javax,net,oracle,org,sqlj,_ibmjsp"
   ],
   "totalRulesFlagged": 5,
   "filesAffected": 8,
   "totalResults": 9,
   "severitySummary": [
      {
         "severity": "Warning",
         "totalRulesFlagged": 4,
         "totalResults": 7
      },
      {
         "severity": "Information",
         "totalRulesFlagged": 1,
         "totalResults": 2
      }
   ],
   "applications": [
      "/opt/IBM/WebSphere/AppServer/profiles/Dmgr01/config/cells/RHEL73Cell01/applications/PlantsByWebSphereV8.ear/PlantsByWebSphereV8.ear"
   ],
   "rules": [
      {
         "ruleName": "Behavior change in rounding in NumberFormat and DecimalFormat format methods",
         "ruleId": "NumberFormatRounding",
         "severity": "Information",
         "category": "Java SE version migration / Java SE 8 compatibility impacts",
         "results": [
            {
               "fileName": "PlantsByWebSphereV8.ear/PlantsByWebSphere.war/WEB-INF/classes/com/ibm/websphere/samples/pbw/war/ShoppingBean.class",
               "details": [
                  {
                     "reference": "Method getShippingCostString",
                     "match": "java.text.NumberFormat.format(double)",
                     "lineNumber": 155
                  },
                  {
                     "reference": "Method getTotalCostString",
                     "match": "java.text.NumberFormat.format(double)",
                     "lineNumber": 175
                  }
               ]
            }
         ]
      },
      {
         "ruleName": "Databases",
         "ruleId": "JavaxPersistenceRule",
         "severity": "Warning",
         "category": "Technology connectivity considerations for IBM Cloud",
         "results": [
            {
               "fileName": "PlantsByWebSphereV8.ear/PlantsByWebSphere.war/WEB-INF/classes/com/ibm/websphere/samples/pbw/ejb/BackOrderMgr.class",
               "details": [
                  {
                     "reference": "Field annotation em",
                     "match": "javax.persistence",
                     "lineNumber": 0
                  }
               ]
            }
         ]
      },
      {
         "ruleName": "Handling application configuration in Docker containers",
         "ruleId": "DetectPropertiesFiles",
         "severity": "Warning",
         "category": "Docker (IBM Cloud Kubernetes Service)",
         "results": [
            {
               "fileName": "PlantsByWebSphereV8.ear/META-INF/maven/com.ibm.websphere.pbw/pbw-ear/pom.properties",
               "details": [
                  {
                     "reference": null,
                     "match": "(.*)?\\.properties",
                     "lineNumber": 0
                  }
               ]
            },
            {
               "fileName": "PlantsByWebSphereV8.ear/PlantsByWebSphere.war/META-INF/maven/com.ibm.websphere.pbw/PlantsByWebSphere/pom.properties",
               "details": [
                  {
                     "reference": null,
                     "match": "(.*)?\\.properties",
                     "lineNumber": 0
                  }
               ]
            },
            {
               "fileName": "PlantsByWebSphereV8.ear/lib/pbw-lib.jar/META-INF/maven/com.ibm.websphere.pbw/pbw-lib/pom.properties",
               "details": [
                  {
                     "reference": null,
                     "match": "(.*)?\\.properties",
                     "lineNumber": 0
                  }
               ]
            },
            {
               "fileName": "PlantsByWebSphereV8.ear/lib/pbw-lib.jar/pbw.properties",
               "details": [
                  {
                     "reference": null,
                     "match": "(.*)?\\.properties",
                     "lineNumber": 0
                  }
               ]
            }
         ]
      },
      {
         "ruleName": "Java EE security",
         "ruleId": "ApplicationSecurityRule",
         "severity": "Warning",
         "category": "Technology connectivity considerations for IBM Cloud",
         "results": [
            {
               "fileName": "PlantsByWebSphereV8.ear/PlantsByWebSphere.war/WEB-INF/web.xml",
               "details": [
                  {
                     "reference": null,
                     "match": "security-constraint",
                     "lineNumber": 33
                  }
               ]
            }
         ]
      },
      {
         "ruleName": "JavaMail server",
         "ruleId": "MailServerRule",
         "severity": "Warning",
         "category": "Technology connectivity considerations for IBM Cloud",
         "results": [
            {
               "fileName": "PlantsByWebSphereV8.ear/PlantsByWebSphere.war/WEB-INF/classes/com/ibm/websphere/samples/pbw/ejb/MailerBean.class",
               "details": [
                  {
                     "reference": "Field mailSession",
                     "match": "javax.mail",
                     "lineNumber": 0
                  }
               ]
            }
         ]
      }
   ]
}